,Date,Open,High,Low,Close,Volume
0,2016-01-04,37.150001525878906,37.202999114990234,36.56290054321289,37.09199905395508,65456000
1,2016-01-05,37.3224983215332,37.599998474121094,36.93199920654297,37.12900161743164,39014000
2,2016-01-06,36.5,37.35900115966797,36.44599914550781,37.180999755859375,38940000
3,2016-01-07,36.515499114990234,36.92499923706055,35.952999114990234,36.31949996948242,59274000
4,2016-01-08,36.5724983215332,36.6614990234375,35.650001525878906,35.7234992980957,49018000
5,2016-01-11,35.830501556396484,35.9427490234375,35.176998138427734,35.80149841308594,41812000
6,2016-01-12,36.08399963378906,36.4375,35.865848541259766,36.30350112915039,40490000
7,2016-01-13,36.54249954223633,36.73699951171875,34.93050003051758,35.02799987792969,50034000
8,2016-01-14,35.26900100708008,36.096248626708984,34.45500183105469,35.736000061035156,44516000
9,2016-01-15,34.614498138427734,35.33700180053711,34.26850128173828,34.72249984741211,72162000
10,2016-01-19,35.165000915527344,35.499000549316406,34.670501708984375,35.089500427246094,45362000
11,2016-01-20,34.43050003051758,35.342498779296875,33.66299819946289,34.92250061035156,68900000
12,2016-01-21,35.10900115966797,35.95949935913086,34.722999572753906,35.329498291015625,48244000
13,2016-01-22,36.18000030517578,36.40650177001953,36.00605010986328,36.26250076293945,40236000
14,2016-01-25,36.17900085449219,36.48400115966797,35.5004997253418,35.583499908447266,34234000
15,2016-01-26,35.692501068115234,35.91400146484375,35.32400131225586,35.652000427246094,26634000
16,2016-01-27,35.68349838256836,35.91175079345703,34.71950149536133,34.9995002746582,43884000
17,2016-01-28,36.111000061035156,36.68450164794922,35.61750030517578,36.54800033569336,53528000
18,2016-01-29,36.576499938964844,37.2495002746582,36.34000015258789,37.147499084472656,69486000
19,2016-02-01,37.52299880981445,37.893001556396484,37.16350173950195,37.599998474121094,102784000
20,2016-02-02,39.224998474121094,39.493499755859375,38.23249816894531,38.23249816894531,126962000
21,2016-02-03,38.51100158691406,38.724998474121094,36.025001525878906,36.34749984741211,123420000
22,2016-02-04,36.140499114990234,36.349998474121094,35.09299850463867,35.4005012512207,103374000
23,2016-02-05,35.19350051879883,35.199501037597656,34.00749969482422,34.17850112915039,102114000
24,2016-02-08,33.39250183105469,34.201499938964844,33.15299987792969,34.137001037597656,84948000
25,2016-02-09,33.61600112915039,34.994998931884766,33.438499450683594,33.90549850463867,72178000
26,2016-02-10,34.34299850463867,35.06549835205078,34.10649871826172,34.20600128173828,52760000
27,2016-02-11,33.75,34.467498779296875,33.44340133666992,34.15549850463867,60480000
28,2016-02-12,34.51300048828125,34.6875,33.93000030517578,34.119998931884766,42828000
29,2016-02-16,34.64899826049805,34.900001525878906,34.252498626708984,34.54999923706055,50400000
30,2016-02-17,34.90449905395508,35.48749923706055,34.569000244140625,35.41999816894531,49852000
31,2016-02-18,35.5,35.61750030517578,34.80149841308594,34.86750030517578,37664000
32,2016-02-19,34.75149917602539,35.154048919677734,34.70249938964844,35.045501708984375,31786000
33,2016-02-22,35.372501373291016,35.6619987487793,35.1254997253418,35.323001861572266,38996000
34,2016-02-23,35.0724983215332,35.41999816894531,34.67900085449219,34.79249954223633,40186000
35,2016-02-24,34.44599914550781,35.0,34.03900146484375,34.97800064086914,39272000
36,2016-02-25,35.0004997253418,35.29899978637695,34.52925109863281,35.287498474121094,32844000
37,2016-02-26,35.42900085449219,35.67150115966797,35.042999267578125,35.253501892089844,44870000
38,2016-02-29,35.01599884033203,35.544498443603516,34.88399887084961,34.88850021362305,49622000
39,2016-03-01,35.180999755859375,35.94049835205078,34.98849868774414,35.94049835205078,43028000
40,2016-03-02,35.95000076293945,36.0,35.599998474121094,35.942501068115234,32580000
41,2016-03-03,35.933998107910156,35.97249984741211,35.30099868774414,35.62099838256836,39160000
42,2016-03-04,35.7495002746582,35.824501037597656,35.30099868774414,35.544498443603516,39442000
43,2016-03-07,35.345001220703125,35.40454864501953,34.345001220703125,34.757999420166016,59702000
44,2016-03-08,34.429500579833984,35.18949890136719,34.266998291015625,34.69850158691406,41526000
45,2016-03-09,34.923500061035156,35.284000396728516,34.70000076293945,35.262001037597656,28430000
46,2016-03-10,35.40599822998047,35.821998596191406,35.167999267578125,35.64099884033203,56670000
47,2016-03-11,36.0,36.34600067138672,35.85625076293945,36.340999603271484,39416000
48,2016-03-14,36.34049987792969,36.775001525878906,36.25749969482422,36.52450180053711,34366000
49,2016-03-15,36.34600067138672,36.614498138427734,36.23849868774414,36.416500091552734,34420000
50,2016-03-16,36.31850051879883,36.87350082397461,36.22549819946289,36.804500579833984,32488000
51,2016-03-17,36.8224983215332,37.153499603271484,36.79999923706055,36.888999938964844,37216000
52,2016-03-18,37.09299850463867,37.099998474121094,36.59149932861328,36.880001068115234,59614000
53,2016-03-21,36.82500076293945,37.125,36.67580032348633,37.10449981689453,36730000
54,2016-03-22,36.87300109863281,37.25,36.87300109863281,37.037498474121094,25394000
55,2016-03-23,37.11800003051758,37.2859992980957,36.807498931884766,36.90299987792969,28642000
56,2016-03-24,36.60049819946289,36.88734817504883,36.54999923706055,36.76499938964844,31898000
57,2016-03-28,36.839500427246094,36.949501037597656,36.625,36.67649841308594,26026000
58,2016-03-29,36.72949981689453,37.36249923706055,36.4379997253418,37.23849868774414,38076000
59,2016-03-30,37.505001068115234,37.89400100708008,37.4370002746582,37.5265007019043,35648000
60,2016-03-31,37.462501525878906,37.54249954223633,37.047000885009766,37.247501373291016,34376000
61,2016-04-01,36.93000030517578,37.516998291015625,36.849998474121094,37.49549865722656,31534000
62,2016-04-04,37.50299835205078,37.63999938964844,37.121498107910156,37.26449966430664,22684000
63,2016-04-05,36.900001525878906,37.13999938964844,36.76850128173828,36.88999938964844,22646000
64,2016-04-06,36.78850173950195,37.3120002746582,36.77799987792969,37.28450012207031,21074000
65,2016-04-07,37.26850128173828,37.349998474121094,36.81399917602539,37.013999938964844,29064000
66,2016-04-08,37.19850158691406,37.272499084472656,36.77750015258789,36.95750045776367,25816000
67,2016-04-11,37.1510009765625,37.25,36.8025016784668,36.80500030517578,24402000
68,2016-04-12,36.900001525878906,37.19150161743164,36.550498962402344,37.15449905395508,27060000
69,2016-04-13,37.45800018310547,37.71900177001953,37.213050842285156,37.58599853515625,34142000
70,2016-04-14,37.70050048828125,37.865501403808594,37.635250091552734,37.65999984741211,22706000
71,2016-04-15,37.69900131225586,38.04999923706055,37.634700775146484,37.95000076293945,36186000
72,2016-04-18,38.02299880981445,38.40250015258789,37.8650016784668,38.330501556396484,31176000
73,2016-04-19,38.47549819946289,38.494998931884766,37.46649932861328,37.69649887084961,40610000
74,2016-04-20,37.900001525878906,37.90660095214844,37.5004997253418,37.63349914550781,30584000
75,2016-04-21,37.76900100708008,38.022499084472656,37.477500915527344,37.957000732421875,61210000
76,2016-04-22,36.314998626708984,36.805999755859375,35.68050003051758,35.938499450683594,119038000
77,2016-04-25,35.80500030517578,36.19649887084961,35.77949905395508,36.157501220703125,39184000
78,2016-04-26,36.270999908447266,36.288299560546875,35.15129852294922,35.40700149536133,54892000
79,2016-04-27,35.364498138427734,35.44900131225586,34.61825180053711,35.29199981689453,61972000
80,2016-04-28,35.41299819946289,35.708499908447266,34.477500915527344,34.55099868774414,57346000
81,2016-04-29,34.53499984741211,34.88100051879883,34.45000076293945,34.6505012512207,49754000
82,2016-05-02,34.881500244140625,35.03200149536133,34.54999923706055,34.910499572753906,32906000
83,2016-05-03,34.84349822998047,34.891998291015625,34.599998474121094,34.61800003051758,30876000
84,2016-05-04,34.52450180053711,34.98749923706055,34.45050048828125,34.78499984741211,33870000
85,2016-05-05,34.8849983215332,35.11600112915039,34.7859992980957,35.07149887084961,33670000
86,2016-05-06,34.91899871826172,35.59299850463867,34.90534973144531,35.555999755859375,36586000
87,2016-05-09,35.599998474121094,35.93550109863281,35.5,35.64500045776367,30206000
88,2016-05-10,35.837501525878906,36.17499923706055,35.7859992980957,36.159000396728516,31392000
89,2016-05-11,36.170501708984375,36.2239990234375,35.63999938964844,35.76449966430664,33842000
90,2016-05-12,35.85300064086914,35.962501525878906,35.45000076293945,35.66550064086914,27214000
91,2016-05-13,35.596500396728516,35.833099365234375,35.4630012512207,35.541500091552734,26290000
92,2016-05-16,35.45650100708008,35.92399978637695,35.282501220703125,35.824501037597656,26342000
93,2016-05-17,35.79949951171875,36.07600021362305,35.205501556396484,35.311500549316406,40024000
94,2016-05-18,35.18349838256836,35.58000183105469,35.03150177001953,35.33150100708008,35336000
95,2016-05-19,35.11800003051758,35.29999923706055,34.84000015258789,35.01599884033203,33404000
96,2016-05-20,35.08100128173828,35.729000091552734,35.0260009765625,35.48699951171875,36568000
97,2016-05-23,35.326499938964844,35.57389831542969,35.20899963378906,35.21200180053711,26614000
98,2016-05-24,35.34299850463867,36.048500061035156,35.34299850463867,36.00450134277344,38590000
99,2016-05-25,36.03799819946289,36.3754997253418,35.98524856567383,36.26350021362305,32584000
100,2016-05-26,36.14350128173828,36.416500091552734,36.013999938964844,36.20600128173828,31526000
101,2016-05-27,36.20050048828125,36.696800231933594,36.20000076293945,36.632999420166016,39500000
102,2016-05-31,36.58700180053711,36.98649978637695,36.5629997253418,36.7859992980957,42590000
103,2016-06-01,36.72650146484375,36.86050033569336,36.53300094604492,36.70750045776367,25072000
104,2016-06-02,36.625,36.6510009765625,36.208499908447266,36.52000045776367,26836000
105,2016-06-03,36.4635009765625,36.4744987487793,36.02799987792969,36.117000579833984,24526000
106,2016-06-06,36.24549865722656,36.24549865722656,35.730499267578125,35.82749938964844,31306000
107,2016-06-07,35.992000579833984,36.0989990234375,35.82749938964844,35.83250045776367,26724000
108,2016-06-08,36.198001861572266,36.42850112915039,36.02899932861328,36.41400146484375,31674000
109,2016-06-09,36.14350128173828,36.47700119018555,36.116798400878906,36.42900085449219,19778000
110,2016-06-10,35.9734992980957,36.294498443603516,35.82149887084961,35.97050094604492,24328000
111,2016-06-13,35.82550048828125,36.27199935913086,35.82550048828125,35.917999267578125,25178000
112,2016-06-14,35.82400131225586,36.12350082397461,35.65599822998047,35.91350173950195,26122000
113,2016-06-15,35.95000076293945,36.14899826049805,35.865501403808594,35.94599914550781,24290000
114,2016-06-16,35.74549865722656,35.83250045776367,35.16299819946289,35.518001556396484,39650000
115,2016-06-17,35.432498931884766,35.441001892089844,34.42259979248047,34.58599853515625,68048000
116,2016-06-20,34.938499450683594,35.124000549316406,34.670501708984375,34.68550109863281,41650000
117,2016-06-21,34.91999816894531,35.13850021362305,34.60049819946289,34.797000885009766,29312000
118,2016-06-22,34.952999114990234,35.042999267578125,34.65409851074219,34.87300109863281,23686000
119,2016-06-23,34.872501373291016,35.09749984741211,34.349998474121094,35.09349822998047,43428000
120,2016-06-24,33.75849914550781,34.470001220703125,33.67250061035156,33.76100158691406,88980000
121,2016-06-27,33.54999923706055,33.6150016784668,33.16419982910156,33.41299819946289,52580000
122,2016-06-28,33.94850158691406,34.01649856567383,33.650001525878906,34.00199890136719,43476000
123,2016-06-29,34.150001525878906,34.3714485168457,34.070499420166016,34.205501556396484,38652000
124,2016-06-30,34.27349853515625,34.61600112915039,34.182498931884766,34.60499954223633,31954000
125,2016-07-01,34.61000061035156,35.032501220703125,34.60649871826172,34.96049880981445,26894000
126,2016-07-05,34.803001403808594,34.84700012207031,34.444000244140625,34.747501373291016,29252000
127,2016-07-06,34.499000549316406,35.08399963378906,34.454498291015625,34.88850021362305,28238000
128,2016-07-07,34.90399932861328,34.90999984741211,34.41075134277344,34.768001556396484,26084000
129,2016-07-08,34.974998474121094,35.285499572753906,34.82175064086914,35.28150177001953,31504000
130,2016-07-11,35.40250015258789,35.82550048828125,35.36199951171875,35.75450134277344,22236000
131,2016-07-12,35.95600128173828,36.14699935913086,35.795501708984375,36.03200149536133,26738000
132,2016-07-13,36.180999755859375,36.20000076293945,35.842498779296875,35.8489990234375,18718000
133,2016-07-14,36.07899856567383,36.11050033569336,35.9015007019043,36.04750061035156,19004000
134,2016-07-15,36.2864990234375,36.2869987487793,35.95275115966797,35.99250030517578,25586000
135,2016-07-18,36.135501861572266,36.80649948120117,36.05950164794922,36.68899917602539,25910000
136,2016-07-19,36.49449920654297,36.8494987487793,36.45000076293945,36.847999572753906,24550000
137,2016-07-20,36.86650085449219,37.10649871826172,36.85499954223633,37.05950164794922,25794000
138,2016-07-21,37.018001556396484,37.08449935913086,36.79154968261719,36.93149948120117,20526000
139,2016-07-22,37.09299850463867,37.1619987487793,36.827999114990234,37.137001037597656,25196000
140,2016-07-25,37.03350067138672,37.13050079345703,36.875,36.98849868774414,20648000
141,2016-07-26,36.95199966430664,37.08449935913086,36.7135009765625,36.92100143432617,23734000
142,2016-07-27,36.91400146484375,37.222999572753906,36.849998474121094,37.0885009765625,30250000
143,2016-07-28,37.35200119018555,37.432498931884766,36.96500015258789,37.295501708984375,70604000
144,2016-07-29,38.635501861572266,38.9275016784668,38.3385009765625,38.43949890136719,76830000
145,2016-08-01,38.054500579833984,39.02149963378906,38.054500579833984,38.64400100708008,54010000
146,2016-08-02,38.43450164794922,38.79199981689453,38.39250183105469,38.55350112915039,35690000
147,2016-08-03,38.35900115966797,38.660499572753906,38.340999603271484,38.659000396728516,25748000
148,2016-08-04,38.611000061035156,38.70349884033203,38.43975067138672,38.580501556396484,22806000
149,2016-08-05,38.68899917602539,39.152000427246094,38.617000579833984,39.111000061035156,36024000
150,2016-08-08,39.099998474121094,39.131500244140625,38.90454864501953,39.0880012512207,22158000
151,2016-08-09,39.05500030517578,39.446998596191406,39.028499603271484,39.2130012512207,26378000
152,2016-08-10,39.1875,39.340599060058594,39.13890075683594,39.23400115966797,15728000
153,2016-08-11,39.25,39.48749923706055,39.14849853515625,39.24250030517578,19502000
154,2016-08-12,39.07500076293945,39.16975021362305,39.02000045776367,39.1609992980957,14810000
155,2016-08-15,39.1875,39.3745002746582,39.00550079345703,39.12200164794922,18764000
156,2016-08-16,39.01499938964844,39.04899978637695,38.67219924926758,38.856998443603516,20560000
157,2016-08-17,38.86600112915039,39.04050064086914,38.67649841308594,38.99549865722656,18484000
158,2016-08-18,39.0004997253418,39.143001556396484,38.849998474121094,38.875,14388000
159,2016-08-19,38.75,38.85499954223633,38.65650177001953,38.770999908447266,17230000
160,2016-08-22,38.66350173950195,38.72700119018555,38.502498626708984,38.60749816894531,19028000
161,2016-08-23,38.77399826049805,38.821998596191406,38.58924865722656,38.604000091552734,18564000
162,2016-08-24,38.52899932861328,38.724998474121094,38.35350036621094,38.481998443603516,21440000
163,2016-08-25,38.349998474121094,38.59450149536133,38.15924835205078,38.47050094604492,18538000
164,2016-08-26,38.45000076293945,38.80400085449219,38.29249954223633,38.47700119018555,23334000
165,2016-08-29,38.4370002746582,38.7495002746582,38.33074951171875,38.60749816894531,16952000
166,2016-08-30,38.46649932861328,38.72330093383789,38.34199905395508,38.454498291015625,22600000
167,2016-08-31,38.35049819946289,38.454498291015625,38.26900100708008,38.352500915527344,24972000
168,2016-09-01,38.462501525878906,38.55099868774414,38.21500015258789,38.43899917602539,18502000
169,2016-09-02,38.6505012512207,38.69599914550781,38.420501708984375,38.573001861572266,21454000
170,2016-09-06,38.67250061035156,39.099998474121094,38.54999923706055,39.00400161743164,28856000
171,2016-09-07,39.0,39.13650131225586,38.810001373291016,39.01750183105469,17874000
172,2016-09-08,38.929500579833984,39.01750183105469,38.67900085449219,38.76599884033203,25406000
173,2016-09-09,38.505001068115234,38.66225051879883,37.983001708984375,37.983001708984375,37710000
174,2016-09-12,37.756500244140625,38.51449966430664,37.70000076293945,38.45100021362305,26220000
175,2016-09-13,38.2239990234375,38.31100082397461,37.790000915527344,37.984500885009766,27900000
176,2016-09-14,37.980499267578125,38.38399887084961,37.955501556396484,38.1245002746582,21748000
177,2016-09-15,38.144500732421875,38.689998626708984,37.99800109863281,38.5880012512207,26102000
178,2016-09-16,38.48749923706055,38.48749923706055,38.233001708984375,38.444000244140625,40986000
179,2016-09-19,38.62099838256836,38.70000076293945,38.222049713134766,38.28499984741211,23456000
180,2016-09-20,38.45000076293945,38.666500091552734,38.42649841308594,38.570499420166016,19572000
181,2016-09-21,38.632999420166016,38.858001708984375,38.4150505065918,38.81100082397461,23356000
182,2016-09-22,39.0,39.49250030517578,38.922000885009766,39.36050033569336,29724000
183,2016-09-23,39.329498291015625,39.44649887084961,39.20750045776367,39.345001220703125,28238000
184,2016-09-26,39.137001037597656,39.137001037597656,38.653499603271484,38.71049880981445,30664000
185,2016-09-27,38.775001525878906,39.29949951171875,38.71540069580078,39.1505012512207,23064000
186,2016-09-28,38.89250183105469,39.09049987792969,38.74850082397461,39.077999114990234,22196000
187,2016-09-29,39.071998596191406,39.290000915527344,38.71160125732422,38.7504997253418,26294000
188,2016-09-30,38.81650161743164,39.047000885009766,38.704498291015625,38.864498138427734,31706000
189,2016-10-03,38.712501525878906,38.80324935913086,38.474998474121094,38.62799835205078,25576000
190,2016-10-04,38.80149841308594,38.93550109863281,38.644500732421875,38.82149887084961,24028000
191,2016-10-05,38.96549987792969,39.10350036621094,38.782501220703125,38.82350158691406,29224000
192,2016-10-06,38.95000076293945,39.02399826049805,38.777000427246094,38.84299850463867,21414000
193,2016-10-07,38.983001708984375,38.983001708984375,38.537498474121094,38.75400161743164,18664000
194,2016-10-10,38.885501861572266,39.46900177001953,38.79349899291992,39.297000885009766,23498000
195,2016-10-11,39.33300018310547,39.61399841308594,39.02899932861328,39.153499603271484,27450000
196,2016-10-12,39.1879997253418,39.40650177001953,39.10300064086914,39.30699920654297,18748000
197,2016-10-13,39.06100082397461,39.06100082397461,38.650001525878906,38.90950012207031,27306000
198,2016-10-14,39.08250045776367,39.1974983215332,38.79999923706055,38.92649841308594,17050000
199,2016-10-17,38.9900016784668,39.29249954223633,38.875,38.99800109863281,21860000
200,2016-10-18,39.39250183105469,40.080501556396484,39.27825164794922,39.76300048828125,41138000
201,2016-10-19,39.9119987487793,40.22999954223633,39.9015007019043,40.07500076293945,35336000
202,2016-10-20,40.165000915527344,40.19850158691406,39.80149841308594,39.8484992980957,35150000
203,2016-10-21,39.75,39.974998474121094,39.70000076293945,39.96849822998047,25324000
204,2016-10-24,40.244998931884766,40.75899887084961,40.24100112915039,40.65549850463867,33950000
205,2016-10-25,40.83399963378906,40.83399963378906,40.25699996948242,40.38349914550781,31528000
206,2016-10-26,40.31700134277344,40.3489990234375,39.816001892089844,39.95349884033203,32954000
207,2016-10-27,40.04999923706055,40.17449951171875,39.57500076293945,39.76750183105469,54984000
208,2016-10-28,40.41749954223633,40.77450180053711,39.679500579833984,39.76850128173828,85398000
209,2016-10-31,39.77349853515625,39.84299850463867,39.20000076293945,39.22700119018555,48546000
210,2016-11-01,39.144500732421875,39.4744987487793,38.777000427246094,39.18050003051758,48128000
211,2016-11-02,38.90999984741211,39.08250045776367,38.17250061035156,38.435001373291016,37448000
212,2016-11-03,38.36249923706055,38.497501373291016,37.951499938964844,38.10649871826172,38864000
213,2016-11-04,37.53300094604492,38.518001556396484,37.52804946899414,38.10100173950195,42696000
214,2016-11-07,38.724998474121094,39.259498596191406,38.627498626708984,39.125999450683594,31702000
215,2016-11-08,39.16999816894531,39.78165054321289,39.009498596191406,39.5255012512207,27338000
216,2016-11-09,38.99700164794922,39.56135177612305,38.583499908447266,39.265499114990234,52142000
217,2016-11-10,39.55849838256836,39.55849838256836,37.60900115966797,38.12799835205078,94904000
218,2016-11-11,37.82699966430664,38.03900146484375,37.51900100708008,37.70100021362305,48636000
219,2016-11-14,37.779998779296875,37.89250183105469,36.37699890136719,36.80400085449219,73088000
220,2016-11-15,37.3484992980957,38.22079849243164,37.3484992980957,37.92449951171875,47680000
221,2016-11-16,37.7599983215332,38.31800079345703,37.5255012512207,38.2239990234375,29452000
222,2016-11-17,38.34600067138672,38.6349983215332,38.21149826049805,38.561500549316406,26080000
223,2016-11-18,38.56850051879883,38.75,38.0,38.027000427246094,30942000
224,2016-11-21,38.13050079345703,38.48500061035156,38.029998779296875,38.459999084472656,26612000
225,2016-11-22,38.631500244140625,38.847999572753906,38.349998474121094,38.41350173950195,31862000
226,2016-11-23,38.38650131225586,38.41415023803711,37.76250076293945,38.04949951171875,29568000
227,2016-11-25,38.2130012512207,38.25,38.0260009765625,38.08399963378906,11748000
228,2016-11-28,38.0,38.97650146484375,37.9900016784668,38.4119987487793,43764000
229,2016-11-29,38.576499938964844,38.92499923706055,38.4119987487793,38.54199981689453,32332000
230,2016-11-30,38.503501892089844,38.64950180053711,37.74150085449219,37.902000427246094,47858000
231,2016-12-01,37.87200164794922,37.99250030517578,36.85124969482422,37.395999908447266,60358000
232,2016-12-02,37.22949981689453,37.70000076293945,37.154998779296875,37.525001525878906,29050000
233,2016-12-05,37.885501861572266,38.19499969482422,37.64500045776367,38.125999450683594,27884000
234,2016-12-06,38.23649978637695,38.44150161743164,37.867000579833984,37.955501556396484,33814000
235,2016-12-07,38.04999923706055,38.56800079345703,37.790000915527344,38.55950164794922,35220000
236,2016-12-08,38.624000549316406,38.909000396728516,38.36149978637695,38.82099914550781,29762000
237,2016-12-09,39.0,39.471500396728516,38.9510498046875,39.464500427246094,36438000
238,2016-12-12,39.25199890136719,39.5625,39.217750549316406,39.4635009765625,42082000
239,2016-12-13,39.69499969482422,40.21900177001953,39.66699981689453,39.80500030517578,42904000
240,2016-12-14,39.869998931884766,40.20000076293945,39.70050048828125,39.85350036621094,34084000
241,2016-12-15,39.867000579833984,40.150001525878906,39.645999908447266,39.89250183105469,32530000
242,2016-12-16,40.02000045776367,40.04280090332031,39.51449966430664,39.540000915527344,48876000
243,2016-12-19,39.51100158691406,39.882999420166016,39.313499450683594,39.709999084472656,24642000
244,2016-12-20,39.8380012512207,39.932498931884766,39.66350173950195,39.82099914550781,19020000
245,2016-12-21,39.79199981689453,39.83380126953125,39.35499954223633,39.72800064086914,24226000
246,2016-12-22,39.61800003051758,39.66600036621094,39.42900085449219,39.5629997253418,19444000
247,2016-12-23,39.54499816894531,39.637001037597656,39.36399841308594,39.49549865722656,12468000
248,2016-12-27,39.534000396728516,39.893001556396484,39.382850646972656,39.57749938964844,15782000
249,2016-12-28,39.685001373291016,39.71149826049805,39.15999984741211,39.252498626708984,23076000
250,2016-12-29,39.166500091552734,39.29650115966797,38.94599914550781,39.13949966430664,14886000
251,2016-12-30,39.13750076293945,39.138999938964844,38.52050018310547,38.590999603271484,35400000
252,2017-01-03,38.94049835205078,39.48149871826172,38.790000915527344,39.30699920654297,33146000
253,2017-01-04,39.417999267578125,39.56700134277344,39.15800094604492,39.345001220703125,21460000
254,2017-01-05,39.30400085449219,39.7239990234375,39.250999450683594,39.70100021362305,26704000
255,2017-01-06,39.76300048828125,40.39500045776367,39.610198974609375,40.307498931884766,32804000
256,2017-01-09,40.31999969482422,40.49829864501953,40.14149856567383,40.33250045776367,25492000
257,2017-01-10,40.393001556396484,40.45650100708008,40.175498962402344,40.239498138427734,23536000
258,2017-01-11,40.25,40.407501220703125,40.06850051879883,40.39550018310547,21318000
259,2017-01-12,40.356998443603516,40.36949920654297,39.958499908447266,40.31800079345703,27062000
260,2017-01-13,40.374000549316406,40.56119918823242,40.33449935913086,40.39400100708008,21984000
261,2017-01-17,40.354000091552734,40.356998443603516,40.01850128173828,40.230499267578125,27242000
262,2017-01-18,40.29050064086914,40.31024932861328,40.04949951171875,40.30350112915039,25888000
263,2017-01-19,40.25600051879883,40.4739990234375,40.09000015258789,40.10874938964844,18386000
264,2017-01-20,40.34550094604492,40.34550094604492,40.08449935913086,40.250999450683594,33400000
265,2017-01-23,40.36249923706055,41.04349899291992,40.1870002746582,40.96549987792969,39272000
266,2017-01-24,41.1150016784668,41.29499816894531,40.891048431396484,41.19350051879883,29480000
267,2017-01-25,41.48099899291992,41.78850173950195,41.25299835205078,41.78350067138672,29890000
268,2017-01-26,41.890499114990234,41.900001525878906,41.35049819946289,41.60749816894531,59478000
269,2017-01-27,41.73550033569336,42.09749984741211,41.02199935913086,41.16550064086914,59316000
270,2017-01-30,40.733001708984375,40.79199981689453,39.9900016784668,40.11600112915039,64932000
271,2017-01-31,39.84299850463867,40.0625,39.5260009765625,39.839500427246094,43212000
272,2017-02-01,39.98400115966797,40.05950164794922,39.55950164794922,39.784751892089844,40594000
273,2017-02-02,39.689998626708984,40.1349983215332,39.599998474121094,39.92649841308594,30642000
274,2017-02-03,40.14950180053711,40.29999923706055,40.01850128173828,40.074501037597656,29268000
275,2017-02-06,39.98500061035156,40.083499908447266,39.76250076293945,40.06700134277344,23690000
276,2017-02-07,40.199501037597656,40.525001525878906,40.0890007019043,40.3484992980957,24824000
277,2017-02-08,40.349998474121094,40.59199905395508,40.15950012207031,40.41899871826172,23106000
278,2017-02-09,40.47549819946289,40.53300094604492,40.22700119018555,40.47800064086914,19794000
279,2017-02-10,40.584999084472656,40.76250076293945,40.48899841308594,40.68349838256836,22700000
280,2017-02-13,40.79999923706055,41.047950744628906,40.77450180053711,40.96200180053711,24266000
281,2017-02-14,40.95000076293945,41.150001525878906,40.79999923706055,41.022499084472656,21094000
282,2017-02-15,40.96799850463867,41.150001525878906,40.923500061035156,40.94900131225586,26272000
283,2017-02-16,40.996498107910156,41.220001220703125,40.94900131225586,41.20800018310547,25752000
284,2017-02-17,41.1510009765625,41.403499603271484,41.08274841308594,41.403499603271484,32220000
285,2017-02-21,41.43299865722656,41.67250061035156,41.41749954223633,41.58300018310547,25246000
286,2017-02-22,41.43299865722656,41.662498474121094,41.43199920654297,41.53799819946289,19658000
287,2017-02-23,41.50600051879883,41.62300109863281,41.14400100708008,41.56650161743164,29456000
288,2017-02-24,41.38650131225586,41.45000076293945,41.209999084472656,41.43199920654297,27844000
289,2017-02-27,41.227500915527344,41.525001525878906,41.20000076293945,41.4640007019043,22030000
290,2017-02-28,41.28049850463867,41.426998138427734,41.0099983215332,41.160499572753906,45216000
291,2017-03-01,41.442501068115234,41.81275177001953,41.362998962402344,41.762001037597656,29930000
292,2017-03-02,41.692501068115234,41.72549819946289,41.481998443603516,41.53150177001953,18850000
293,2017-03-03,41.52799987792969,41.56800079345703,41.28755187988281,41.45399856567383,17928000
294,2017-03-06,41.34749984741211,41.444000244140625,41.119998931884766,41.388999938964844,22180000
295,2017-03-07,41.369998931884766,41.670501708984375,41.32600021362305,41.59550094604492,20752000
296,2017-03-08,41.675498962402344,41.907501220703125,41.589500427246094,41.76850128173828,19796000
297,2017-03-09,41.79999923706055,42.099998474121094,41.71049880981445,41.933998107910156,25230000
298,2017-03-10,42.16400146484375,42.24549865722656,41.974998474121094,42.162498474121094,34080000
299,2017-03-13,42.20000076293945,42.43424987792969,42.162498474121094,42.277000427246094,24472000
300,2017-03-14,42.18199920654297,42.36199951171875,42.040000915527344,42.28099822998047,15598000
301,2017-03-15,42.37950134277344,42.43149948120117,42.03850173950195,42.36000061035156,27630000
302,2017-03-16,42.451499938964844,42.54249954223633,42.30649948120117,42.43899917602539,19552000
303,2017-03-17,42.580501556396484,42.66999816894531,42.355499267578125,42.60599899291992,34246000
304,2017-03-20,42.5004997253418,42.51100158691406,42.25749969482422,42.41999816894531,24630000
305,2017-03-21,42.56999969482422,42.67499923706055,41.45100021362305,41.52299880981445,49270000
306,2017-03-22,41.59550094604492,41.77750015258789,41.35900115966797,41.47949981689453,28030000
307,2017-03-23,41.04999923706055,41.128501892089844,40.612850189208984,40.87900161743164,69742000
308,2017-03-24,41.00400161743164,41.096500396728516,40.44449996948242,40.721500396728516,39620000
309,2017-03-27,40.34749984741211,41.08150100708008,40.16849899291992,40.97549819946289,37886000
310,2017-03-28,41.02050018310547,41.29949951171875,40.701351165771484,41.04600143432617,32410000
311,2017-03-29,41.25,41.638248443603516,41.11899948120117,41.570499420166016,35726000
312,2017-03-30,41.67499923706055,41.683998107910156,41.45000076293945,41.57500076293945,21106000
313,2017-03-31,41.44850158691406,41.582000732421875,41.36949920654297,41.47800064086914,28038000
314,2017-04-03,41.46099853515625,42.04249954223633,41.46099853515625,41.9275016784668,33430000
315,2017-04-04,41.56800079345703,41.75899887084961,41.45180130004883,41.72850036621094,20908000
316,2017-04-05,41.7755012512207,42.122501373291016,41.5359992980957,41.570499420166016,31106000
317,2017-04-06,41.619998931884766,41.81949996948242,41.323001861572266,41.39400100708008,25088000
318,2017-04-07,41.39799880981445,41.424251556396484,41.02565002441406,41.23350143432617,21146000
319,2017-04-10,41.269500732421875,41.467498779296875,41.188499450683594,41.23649978637695,19578000
320,2017-04-11,41.23550033569336,41.3713493347168,40.85100173950195,41.16749954223633,21594000
321,2017-04-12,41.096500396728516,41.33300018310547,41.05099868774414,41.215999603271484,18010000
322,2017-04-13,41.106998443603516,41.319000244140625,41.071998596191406,41.178001403808594,22448000
323,2017-04-17,41.2504997253418,41.88750076293945,41.2234992980957,41.85850143432617,17900000
324,2017-04-18,41.71099853515625,41.94649887084961,41.635501861572266,41.840999603271484,16734000
325,2017-04-19,41.989498138427734,42.111000061035156,41.81449890136719,41.910499572753906,19084000
326,2017-04-20,42.071998596191406,42.2599983215332,41.965999603271484,42.08250045776367,19180000
327,2017-04-21,42.14400100708008,42.194000244140625,42.029998779296875,42.15950012207031,26472000
328,2017-04-24,42.560001373291016,43.17250061035156,42.49300003051758,43.13800048828125,27450000
329,2017-04-25,43.25,43.75,43.140499114990234,43.6150016784668,33440000
330,2017-04-26,43.71149826049805,43.8025016784668,43.38740158081055,43.58649826049805,24744000
331,2017-04-27,43.68000030517578,43.77000045776367,43.51900100708008,43.712501525878906,40536000
332,2017-04-28,45.53300094604492,45.842498779296875,45.28850173950195,45.29800033569336,65526000
333,2017-05-01,45.09700012207031,45.784000396728516,45.0724983215332,45.628501892089844,42320000
334,2017-05-02,45.48099899291992,46.03850173950195,45.47264862060547,45.821998596191406,31744000
335,2017-05-03,45.74300003051758,46.404998779296875,45.62715148925781,46.35200119018555,29990000
336,2017-05-04,46.30350112915039,46.79650115966797,46.22949981689453,46.58300018310547,28442000
337,2017-05-05,46.676998138427734,46.744998931884766,46.2599983215332,46.35649871826172,38226000
338,2017-05-08,46.305999755859375,46.846248626708984,46.26300048828125,46.71500015258789,26596000
339,2017-05-09,46.84749984741211,46.875,46.47650146484375,46.60850143432617,31636000
340,2017-05-10,46.5989990234375,46.599998474121094,46.257999420166016,46.43899917602539,23478000
341,2017-05-11,46.26599884033203,46.62649917602539,46.1515007019043,46.529998779296875,16700000
342,2017-05-12,46.576499938964844,46.672000885009766,46.39250183105469,46.611000061035156,21012000
343,2017-05-15,46.647499084472656,46.912498474121094,46.46699905395508,46.854000091552734,22162000
344,2017-05-16,47.0,47.15549850463867,46.87900161743164,47.150001525878906,19390000
345,2017-05-17,46.78350067138672,46.96664810180664,45.90700149536133,45.98099899291992,47242000
346,2017-05-18,46.04999923706055,46.65850067138672,45.9375,46.512001037597656,31938000
347,2017-05-19,46.57350158691406,46.88774871826172,46.54999923706055,46.70050048828125,27860000
348,2017-05-22,46.75,47.09415054321289,46.75,47.09299850463867,22408000
349,2017-05-23,47.395999908447266,47.57334899902344,47.12874984741211,47.441001892089844,25416000
350,2017-05-24,47.64899826049805,47.75450134277344,47.474998474121094,47.74800109863281,20496000
351,2017-05-25,47.86650085449219,48.63145065307617,47.77349853515625,48.47700119018555,33210000
352,2017-05-26,48.48500061035156,48.749000549316406,48.25149917602539,48.57350158691406,25040000
353,2017-05-30,48.515499114990234,48.810001373291016,48.4744987487793,48.79399871826172,29334000
354,2017-05-31,48.750999450683594,48.9635009765625,48.00899887084961,48.24300003051758,48962000
355,2017-06-01,48.4474983215332,48.57500076293945,48.0004997253418,48.34749984741211,28210000
356,2017-06-02,48.472999572753906,48.79399871826172,48.29999923706055,48.779998779296875,35020000
357,2017-06-05,48.82749938964844,49.34550094604492,48.755001068115234,49.183998107910156,25042000
358,2017-06-06,49.15800094604492,49.412498474121094,48.75699996948242,48.82849884033203,36292000
359,2017-06-07,49.0,49.19900131225586,48.797000885009766,49.047000885009766,29078000
360,2017-06-08,49.11750030517578,49.22850036621094,48.86000061035156,49.170501708984375,29638000
361,2017-06-09,49.224998474121094,49.224998474121094,46.78150177001953,47.49150085449219,66188000
362,2017-06-12,46.97800064086914,47.467750549316406,45.76165008544922,47.14500045776367,75270000
363,2017-06-13,47.59550094604492,47.999000549316406,47.204498291015625,47.66999816894531,40266000
364,2017-06-14,47.99599838256836,48.057498931884766,47.11249923706055,47.53799819946289,29794000
365,2017-06-15,46.69850158691406,47.16695022583008,46.22200012207031,47.115501403808594,42662000
366,2017-06-16,47.0,47.10200119018555,46.579750061035156,46.98899841308594,61894000
367,2017-06-19,47.49800109863281,47.9995002746582,47.45249938964844,47.868499755859375,30666000
368,2017-06-20,47.875999450683594,48.08100128173828,47.5004997253418,47.53150177001953,22520000
369,2017-06-21,47.68199920654297,48.005001068115234,47.53799819946289,47.97249984741211,24044000
370,2017-06-22,47.935001373291016,48.0359992980957,47.727500915527344,47.85449981689453,18828000
371,2017-06-23,47.84149932861328,48.29999923706055,47.709999084472656,48.27949905395508,30558000
372,2017-06-26,48.494998931884766,48.66550064086914,47.53950119018555,47.61349868774414,31968000
373,2017-06-27,47.12300109863281,47.41450119018555,46.342498779296875,46.36650085449219,51598000
374,2017-06-28,46.45000076293945,47.13750076293945,45.79999923706055,47.02450180053711,54428000
375,2017-06-29,46.49599838256836,46.5629997253418,45.53099822998047,45.88949966430664,65984000
376,2017-06-30,46.3025016784668,46.3025016784668,45.41550064086914,45.436500549316406,41804000
377,2017-07-03,45.60900115966797,45.696998596191406,44.739498138427734,44.935001373291016,34196000
378,2017-07-05,45.0880012512207,45.72549819946289,44.92499923706055,45.58549880981445,36278000
379,2017-07-06,45.20600128173828,45.74720001220703,44.98500061035156,45.33449935913086,28490000
380,2017-07-07,45.442501068115234,46.07699966430664,45.442501068115234,45.929500579833984,32756000
381,2017-07-10,46.0885009765625,46.51900100708008,45.97949981689453,46.439998626708984,23856000
382,2017-07-11,46.47700119018555,46.57149887084961,46.099998474121094,46.50450134277344,22264000
383,2017-07-12,46.933998107910156,47.314998626708984,46.7234992980957,47.19150161743164,30642000
384,2017-07-13,47.31449890136719,47.72249984741211,47.1505012512207,47.358001708984375,25894000
385,2017-07-14,47.599998474121094,47.84550094604492,47.40024948120117,47.79949951171875,21076000
386,2017-07-17,47.849998474121094,48.0369987487793,47.46205139160156,47.67100143432617,23310000
387,2017-07-18,47.650001525878906,48.402000427246094,47.529998779296875,48.27000045776367,23080000
388,2017-07-19,48.391998291015625,48.652000427246094,48.201499938964844,48.544498443603516,24490000
389,2017-07-20,48.75,48.79499816894531,48.07550048828125,48.407501220703125,32490000
390,2017-07-21,48.11249923706055,48.6614990234375,48.00749969482422,48.645999908447266,34220000
391,2017-07-24,48.611000061035156,49.310001373291016,48.53850173950195,49.016998291015625,64966000
392,2017-07-25,47.69049835205078,47.98500061035156,47.27000045776367,47.53499984741211,93220000
393,2017-07-26,47.73400115966797,47.75,47.113948822021484,47.38999938964844,41766000
394,2017-07-27,47.5890007019043,47.5890007019043,46.0,46.704498291015625,64260000
395,2017-07-28,46.470001220703125,47.19150161743164,46.375,47.076499938964844,36928000
396,2017-07-31,47.09450149536133,47.179500579833984,46.301998138427734,46.525001525878906,39402000
397,2017-08-01,46.61899948120117,46.87234878540039,46.4630012512207,46.541500091552734,25554000
398,2017-08-02,46.43050003051758,46.630001068115234,45.83399963378906,46.519500732421875,36488000
399,2017-08-03,46.516998291015625,46.61199951171875,46.11199951171875,46.182498931884766,24050000
400,2017-08-04,46.337501525878906,46.515350341796875,46.1515007019043,46.39799880981445,21646000
401,2017-08-07,46.452999114990234,46.584999084472656,46.32500076293945,46.46799850463867,20644000
402,2017-08-08,46.35449981689453,46.79069900512695,46.28049850463867,46.339500427246094,21232000
403,2017-08-09,46.03049850463867,46.29899978637695,45.86249923706055,46.14500045776367,23842000
404,2017-08-10,45.877498626708984,45.9630012512207,45.30649948120117,45.36199951171875,36480000
405,2017-08-11,45.39849853515625,45.888999938964844,45.27899932861328,45.71950149536133,24136000
406,2017-08-14,46.12649917602539,46.2333984375,45.90950012207031,46.13349914550781,21290000
407,2017-08-15,46.21149826049805,46.32749938964844,45.99100112915039,46.111000061035156,17668000
408,2017-08-16,46.26449966430664,46.6349983215332,46.17224884033203,46.347999572753906,20134000
409,2017-08-17,46.28900146484375,46.34299850463867,45.54899978637695,45.54899978637695,25544000
410,2017-08-18,45.515499114990234,45.76374816894531,45.35770034790039,45.53350067138672,26854000
411,2017-08-21,45.5,45.650001525878906,45.16999816894531,45.33300018310547,18868000
412,2017-08-22,45.63600158691406,46.292999267578125,45.57374954223633,46.234500885009766,23334000
413,2017-08-23,46.096500396728516,46.496498107910156,45.96799850463867,46.349998474121094,21804000
414,2017-08-24,46.43299865722656,46.54199981689453,45.775001525878906,46.06399917602539,25406000
415,2017-08-25,46.17449951171875,46.277748107910156,45.775001525878906,45.794498443603516,21068000
416,2017-08-28,45.79999923706055,45.962249755859375,45.59349822998047,45.69049835205078,21730000
417,2017-08-29,45.255001068115234,46.166500091552734,45.25,46.06449890136719,23712000
418,2017-08-30,46.002498626708984,46.540950775146484,45.98249816894531,46.47850036621094,26024000
419,2017-08-31,46.5880012512207,47.0989990234375,46.5880012512207,46.96649932861328,31652000
420,2017-09-01,47.05649948120117,47.124000549316406,46.75749969482422,46.867000579833984,18948000
421,2017-09-05,46.65399932861328,46.849998474121094,46.097999572753906,46.42250061035156,26528000
422,2017-09-06,46.50749969482422,46.54574966430664,45.9635009765625,46.390499114990234,30554000
423,2017-09-07,46.58649826049805,46.820499420166016,46.180999755859375,46.79750061035156,24254000
424,2017-09-08,46.824501037597656,46.8494987487793,46.24399948120117,46.32500076293945,20230000
425,2017-09-11,46.712501525878906,46.91899871826172,46.34600067138672,46.45399856567383,25340000
426,2017-09-12,46.62950134277344,46.67399978637695,46.193050384521484,46.60350036621094,22688000
427,2017-09-13,46.53300094604492,46.86249923706055,46.49300003051758,46.75450134277344,22052000
428,2017-09-14,46.5625,46.63850021362305,46.20000076293945,46.25550079345703,27952000
429,2017-09-15,46.233001708984375,46.324501037597656,45.81800079345703,46.01449966430664,50108000
430,2017-09-18,46.0004997253418,46.104000091552734,45.529998779296875,45.75,26138000
431,2017-09-19,45.87099838256836,46.12099838256836,45.627498626708984,46.09049987792969,18734000
432,2017-09-20,46.14899826049805,46.694000244140625,46.099998474121094,46.57899856567383,33396000
433,2017-09-21,46.650001525878906,46.826499938964844,46.19150161743164,46.622501373291016,25812000
434,2017-09-22,46.38750076293945,46.73649978637695,46.32400131225586,46.42649841308594,21054000
435,2017-09-25,46.272499084472656,46.31999969482422,45.48500061035156,46.048500061035156,37136000
436,2017-09-26,46.18600082397461,46.54100036621094,46.05699920654297,46.24300003051758,33338000
437,2017-09-27,46.387001037597656,47.494998931884766,46.387001037597656,47.2244987487793,44788000
438,2017-09-28,47.06800079345703,47.53450012207031,47.02750015258789,47.474998474121094,20406000
439,2017-09-29,47.599998474121094,47.98929977416992,47.57550048828125,47.955501556396484,31620000
440,2017-10-02,47.999000549316406,48.12699890136719,47.391998291015625,47.66350173950195,25668000
441,2017-10-03,47.70000076293945,47.900001525878906,47.457000732421875,47.88949966430664,17766000
442,2017-10-04,47.849998474121094,48.019500732421875,47.53450012207031,47.58399963378906,19048000
443,2017-10-05,47.77450180053711,48.545501708984375,47.75899887084961,48.49800109863281,24276000
444,2017-10-06,48.334999084472656,48.972999572753906,48.167999267578125,48.94449996948242,23478000
445,2017-10-09,49.0,49.2712516784668,48.80550003051758,48.849998474121094,17828000
446,2017-10-10,49.0,49.07849884033203,48.30400085449219,48.630001068115234,19368000
447,2017-10-11,48.68600082397461,49.535499572753906,48.61249923706055,49.462501525878906,33866000
448,2017-10-12,49.372501373291016,49.70600128173828,49.25,49.39149856567383,25248000
449,2017-10-13,49.599998474121094,49.86050033569336,49.45000076293945,49.48400115966797,23396000
450,2017-10-16,49.60499954223633,49.695350646972656,49.20000076293945,49.599998474121094,18210000
451,2017-10-17,49.51449966430664,49.821998596191406,49.429500579833984,49.60900115966797,25804000
452,2017-10-18,49.5885009765625,49.83599853515625,49.348751068115234,49.640499114990234,21152000
453,2017-10-19,49.29999923706055,49.444000244140625,48.919498443603516,49.22249984741211,26272000
454,2017-10-20,49.47200012207031,49.54999923706055,49.229000091552734,49.40999984741211,23664000
455,2017-10-23,49.47600173950195,49.47600173950195,48.305999755859375,48.42250061035156,29568000
456,2017-10-24,48.5,48.61149978637695,48.04999923706055,48.527000427246094,24244000
457,2017-10-25,48.41849899291992,48.804500579833984,48.0260009765625,48.666500091552734,24226000
458,2017-10-26,49.0,49.380001068115234,48.61000061035156,48.62799835205078,40842000
459,2017-10-27,50.45949935913086,52.419498443603516,50.40999984741211,50.9635009765625,103354000
460,2017-10-30,50.70000076293945,51.24850082397461,50.375,50.855499267578125,41702000
461,2017-10-31,50.76100158691406,51.20000076293945,50.520999908447266,50.832000732421875,26614000
462,2017-11-01,50.86050033569336,51.48350143432617,50.84749984741211,51.275001525878906,27468000
463,2017-11-02,51.0880012512207,51.40449905395508,50.6505012512207,51.27899932861328,20980000
464,2017-11-03,51.105499267578125,51.63249969482422,51.015499114990234,51.624000549316406,21528000
465,2017-11-06,51.449501037597656,51.743499755859375,51.25,51.29499816894531,22504000
466,2017-11-07,51.36349868774414,51.69850158691406,51.256500244140625,51.666500091552734,22246000
467,2017-11-08,51.5260009765625,52.17610168457031,51.42250061035156,51.99250030517578,21774000
468,2017-11-09,51.699501037597656,51.699501037597656,50.983299255371094,51.5629997253418,24904000
469,2017-11-10,51.323001861572266,51.53799819946289,51.263999938964844,51.403499603271484,14400000
470,2017-11-13,51.17100143432617,51.57899856567383,51.128501892089844,51.287498474121094,17716000
471,2017-11-14,51.12950134277344,51.34049987792969,50.70750045776367,51.29999923706055,19184000
472,2017-11-15,50.96049880981445,51.204498291015625,50.770999908447266,51.045501708984375,17080000
473,2017-11-16,51.125999450683594,51.79600143432617,51.125999450683594,51.625,22594000
474,2017-11-17,51.70050048828125,51.72100067138672,50.88750076293945,50.954498291015625,27942000
475,2017-11-20,51.01300048828125,51.13050079345703,50.875,50.91899871826172,19070000
476,2017-11-21,51.16550064086914,51.75550079345703,51.13275146484375,51.7244987487793,21940000
477,2017-11-22,51.75,51.98529815673828,51.57149887084961,51.79800033569336,14926000
478,2017-11-24,51.79349899291992,52.15890121459961,51.75,52.03049850463867,10740000
479,2017-11-27,52.0,52.77299880981445,51.922000885009766,52.71049880981445,26158000
480,2017-11-28,52.75450134277344,53.118751525878906,52.0,52.37049865722656,28488000
481,2017-11-29,52.13399887084961,52.20399856567383,50.782501220703125,51.08300018310547,49188000
482,2017-11-30,51.118499755859375,51.42449951171875,50.75,51.070499420166016,34480000
483,2017-12-01,50.790000915527344,51.1245002746582,50.10100173950195,50.50849914550781,38192000
484,2017-12-04,50.632999420166016,50.80500030517578,49.778499603271484,49.933998107910156,38128000
485,2017-12-05,49.797000885009766,51.03049850463867,49.41400146484375,50.25749969482422,41346000
486,2017-12-06,50.07500076293945,51.24850082397461,50.05699920654297,50.91899871826172,25440000
487,2017-12-07,51.02149963378906,51.71200180053711,50.90354919433594,51.54650115966797,29164000
488,2017-12-08,51.8745002746582,52.102500915527344,51.6260986328125,51.852500915527344,25816000
489,2017-12-11,51.775001525878906,52.189998626708984,51.602500915527344,52.05500030517578,23856000
490,2017-12-12,51.98149871826172,52.515499114990234,51.68450164794922,52.02399826049805,25590000
491,2017-12-13,52.305999755859375,52.333248138427734,51.91899871826172,52.03049850463867,25654000
492,2017-12-14,52.25,52.92499923706055,52.15549850463867,52.45750045776367,31174000
493,2017-12-15,52.730499267578125,53.38100051879883,52.474998474121094,53.20949935913086,65518000
494,2017-12-18,53.30400085449219,53.92449951171875,53.099998474121094,53.856998443603516,31092000
495,2017-12-19,53.7599983215332,53.84199905395508,53.1775016784668,53.534000396728516,26774000
496,2017-12-20,53.5890007019043,53.66899871826172,53.07600021362305,53.247501373291016,25372000
497,2017-12-21,53.247501373291016,53.46649932861328,53.089698791503906,53.18149948120117,19914000
498,2017-12-22,53.05550003051758,53.209999084472656,52.97200012207031,53.00600051879883,15102000
499,2017-12-26,52.903499603271484,53.00600051879883,52.5099983215332,52.83700180053711,15212000
500,2017-12-27,52.86949920654297,52.91849899291992,52.40250015258789,52.46849822998047,25438000
501,2017-12-28,52.58000183105469,52.73749923706055,52.23849868774414,52.40700149536133,16742000
502,2017-12-29,52.33599853515625,52.48500061035156,52.244998931884766,52.31999969482422,17750000
